{"cameraMode":{"drawMode":0,"name":"Shaded","section":"Shading Mode"},"sceneLighting":true,"audioPlay":false,"sceneViewState":{"showFog":true,"showMaterialUpdate":false,"showSkybox":true,"showFlares":true,"showImageEffects":true,"showParticleSystems":true},"in2DMode":false,"pivot":{"x":-2.1756038665771486,"y":-1.2670981884002686,"z":-6.898841381072998},"rotation":{"x":0.05327710136771202,"y":-0.41109922528266909,"z":0.02384771592915058,"w":0.9098328948020935},"size":2.833618402481079,"orthographic":true}