{"cameraMode":{"drawMode":0,"name":"Shaded","section":"Shading Mode"},"sceneLighting":true,"audioPlay":false,"sceneViewState":{"showFog":true,"showMaterialUpdate":false,"showSkybox":true,"showFlares":true,"showImageEffects":true,"showParticleSystems":true},"in2DMode":false,"pivot":{"x":6.257612228393555,"y":8.898822784423829,"z":-6.418378829956055},"rotation":{"x":0.29033002257347109,"y":-0.5771952867507935,"z":0.23000508546829225,"w":0.7279039025306702},"size":18.2097110748291,"orthographic":true}