{"cameraMode":{"drawMode":0,"name":"Shaded","section":"Shading Mode"},"sceneLighting":true,"audioPlay":false,"sceneViewState":{"showFog":true,"showMaterialUpdate":false,"showSkybox":true,"showFlares":true,"showImageEffects":true,"showParticleSystems":true},"in2DMode":false,"pivot":{"x":-1.5464831590652466,"y":-2.388737678527832,"z":-3.632547616958618},"rotation":{"x":0.3119715452194214,"y":0.02707207202911377,"z":-0.008895334787666798,"w":0.9496728181838989},"size":10.941107749938965,"orthographic":false}