{"cameraMode":{"drawMode":0,"name":"Shaded","section":"Shading Mode"},"sceneLighting":false,"audioPlay":false,"sceneViewState":{"showFog":true,"showMaterialUpdate":false,"showSkybox":false,"showFlares":true,"showImageEffects":true,"showParticleSystems":true},"in2DMode":false,"pivot":{"x":1.270106554031372,"y":-6.125717639923096,"z":2.989938735961914},"rotation":{"x":-0.15868911147117616,"y":-0.02241457998752594,"z":0.003732256358489394,"w":-0.9871264696121216},"size":2.8578836917877199,"orthographic":false}