{"cameraMode":{"drawMode":0,"name":"Shaded","section":"Shading Mode"},"sceneLighting":false,"audioPlay":false,"sceneViewState":{"showFog":true,"showMaterialUpdate":false,"showSkybox":false,"showFlares":true,"showImageEffects":true,"showParticleSystems":true},"in2DMode":false,"pivot":{"x":-0.13999998569488526,"y":3.1510000228881838,"z":-8.40999984741211},"rotation":{"x":0.2829236388206482,"y":-0.14744296669960023,"z":0.044062480330467227,"w":0.9467183947563171},"size":2.954193115234375,"orthographic":false}