{"cameraMode":{"drawMode":0,"name":"Shaded","section":"Shading Mode"},"sceneLighting":true,"audioPlay":false,"sceneViewState":{"showFog":true,"showMaterialUpdate":false,"showSkybox":true,"showFlares":true,"showImageEffects":true,"showParticleSystems":true},"in2DMode":false,"pivot":{"x":2.5791702270507814,"y":4.676268100738525,"z":-13.13925838470459},"rotation":{"x":0.0923817977309227,"y":-0.20013301074504853,"z":0.018758470192551614,"w":0.9753221869468689},"size":14.432931900024414,"orthographic":true}