{"cameraMode":{"drawMode":0,"name":"Shaded","section":"Shading Mode"},"sceneLighting":true,"audioPlay":false,"sceneViewState":{"showFog":true,"showMaterialUpdate":false,"showSkybox":true,"showFlares":true,"showImageEffects":true,"showParticleSystems":true},"in2DMode":false,"pivot":{"x":2.2123680114746095,"y":-0.49974119663238528,"z":-4.960036277770996},"rotation":{"x":0.3435000777244568,"y":-0.4175344705581665,"z":0.17426882684230805,"w":0.8229909539222717},"size":10.37419605255127,"orthographic":false}