{"cameraMode":{"drawMode":0,"name":"Shaded","section":"Shading Mode"},"sceneLighting":true,"audioPlay":false,"sceneViewState":{"showFog":true,"showMaterialUpdate":false,"showSkybox":true,"showFlares":true,"showImageEffects":true,"showParticleSystems":true},"in2DMode":false,"pivot":{"x":2.728541135787964,"y":1.8687336444854737,"z":-6.0985517501831059},"rotation":{"x":0.12700225412845612,"y":0.029863478615880014,"z":-0.00399934034794569,"w":0.9915371537208557},"size":1.497363805770874,"orthographic":true}