{"cameraMode":{"drawMode":0,"name":"Shaded","section":"Shading Mode"},"sceneLighting":true,"audioPlay":false,"sceneViewState":{"showFog":true,"showMaterialUpdate":false,"showSkybox":true,"showFlares":true,"showImageEffects":true,"showParticleSystems":true},"in2DMode":false,"pivot":{"x":-1.635152816772461,"y":-2.553347587585449,"z":-3.751588821411133},"rotation":{"x":0.3205438554286957,"y":0.02272992767393589,"z":-0.007696274667978287,"w":0.9469386339187622},"size":11.433457374572754,"orthographic":false}