{"cameraMode":{"drawMode":0,"name":"Shaded","section":"Shading Mode"},"sceneLighting":true,"audioPlay":false,"sceneViewState":{"showFog":true,"showMaterialUpdate":false,"showSkybox":true,"showFlares":true,"showImageEffects":true,"showParticleSystems":true},"in2DMode":false,"pivot":{"x":-0.373887836933136,"y":1.2530783414840699,"z":-4.239259719848633},"rotation":{"x":-0.16180814802646638,"y":0.12819582223892213,"z":-0.021072328090667726,"w":-0.9782931804656982},"size":10.458159446716309,"orthographic":false}