{"cameraMode":{"drawMode":0,"name":"Shaded","section":"Shading Mode"},"sceneLighting":false,"audioPlay":false,"sceneViewState":{"showFog":true,"showMaterialUpdate":false,"showSkybox":false,"showFlares":true,"showImageEffects":true,"showParticleSystems":true},"in2DMode":false,"pivot":{"x":1.6524944305419922,"y":1.6559793949127198,"z":-6.28684139251709},"rotation":{"x":-0.10965193808078766,"y":-0.022571604698896409,"z":0.0026195335667580368,"w":-0.9937684535980225},"size":5.234296798706055,"orthographic":false}