{"cameraMode":{"drawMode":0,"name":"Shaded","section":"Shading Mode"},"sceneLighting":false,"audioPlay":false,"sceneViewState":{"showFog":true,"showMaterialUpdate":false,"showSkybox":false,"showFlares":true,"showImageEffects":true,"showParticleSystems":true},"in2DMode":false,"pivot":{"x":-2.049834728240967,"y":1.1613612174987794,"z":-5.855526447296143},"rotation":{"x":-0.046269550919532779,"y":0.16386747360229493,"z":-0.0075619760900735859,"w":-0.985427737236023},"size":7.326696395874023,"orthographic":false}