{"cameraMode":{"drawMode":0,"name":"Shaded","section":"Shading Mode"},"sceneLighting":true,"audioPlay":false,"sceneViewState":{"showFog":true,"showMaterialUpdate":false,"showSkybox":true,"showFlares":true,"showImageEffects":true,"showParticleSystems":true},"in2DMode":false,"pivot":{"x":-1.1836377382278443,"y":-4.040276527404785,"z":0.4021739959716797},"rotation":{"x":0.5110414624214172,"y":-0.0038688082713633777,"z":0.0022991271689534189,"w":0.8595507740974426},"size":18.273263931274415,"orthographic":false}