{"cameraMode":{"drawMode":0,"name":"Shaded","section":"Shading Mode"},"sceneLighting":true,"audioPlay":false,"sceneViewState":{"showFog":true,"showMaterialUpdate":false,"showSkybox":true,"showFlares":true,"showImageEffects":true,"showParticleSystems":true},"in2DMode":false,"pivot":{"x":-1.27437424659729,"y":-1.291832447052002,"z":2.7401387691497804},"rotation":{"x":-0.07060430198907852,"y":-0.21544505655765534,"z":0.015745973214507104,"w":-0.9738918542861939},"size":16.397294998168947,"orthographic":false}