{"cameraMode":{"drawMode":0,"name":"Shaded","section":"Shading Mode"},"sceneLighting":true,"audioPlay":false,"sceneViewState":{"showFog":true,"showMaterialUpdate":false,"showSkybox":true,"showFlares":true,"showImageEffects":true,"showParticleSystems":true},"in2DMode":false,"pivot":{"x":0.22092297673225404,"y":4.09323787689209,"z":-5.554811000823975},"rotation":{"x":0.2150406390428543,"y":0.038075871765613559,"z":-0.008393656462430954,"w":0.9758376479148865},"size":21.36249542236328,"orthographic":false}